course_code,course_name,course_descrip,credits,prerequisites ,catelog_url
CS 150,Introductory Computer Programming,"Computing methodology, process, and computational problem solving. Algorithm Design; program design, development, and testing.",3,CS 150L,https://catalog.sdsu.edu/preview_program.php?catoid=12&poid=11969&returnto=1120#
CS 150L,Introductory Computer Programming Laboratory,Programming experiences designed to demonstrate and reinforce concepts through active experimentation and programming exercises.,1,CS 150,https://catalog.sdsu.edu/preview_program.php?catoid=12&poid=11969&returnto=1120#
CS 160,Intermediate Computer Programming,"Advanced computing methodology, process, and computational problem solving. Programming environment and data structures. Object-oriented program design and development. Binary trees, linear lists, maps, queues, recursion, stacks. ",3,"CS 150, CS 160L",https://catalog.sdsu.edu/preview_program.php?catoid=12&poid=11969&returnto=1120#
CS 160L,Intermediate Computer Programming Laboratory,Programming experiences designed to demonstrate and reinforce concepts through active experimentation and programming exercises.,1,"CS 150, CS 160",https://catalog.sdsu.edu/preview_program.php?catoid=12&poid=11969&returnto=1120#
CS 210,Data Structures,"Representations and operations on basic data structures. Arrays, linked lists, stacks, queues, and recursion; binary search trees and balanced trees; hash tables, dynamic storage management; introduction to graphs. An object oriented programming language will be used.",3,CS 160,https://catalog.sdsu.edu/preview_program.php?catoid=12&poid=11969&returnto=1120#
CS 240,Computer Organization,"Organization and assembly language to include CPU, logic circuits, and memory. Data representation, interrupts, looping and addressing techniques, macros, and traps. ",3,CS 160,https://catalog.sdsu.edu/preview_program.php?catoid=12&poid=11969&returnto=1120#
CS 250,Introduction to Software Systems,"Alternatives analyses, information management, networking and communications, parallel and distributed processing, principles and practices, security and encryption. Ethical, legal, and social issues in computing. Modeling will be used to capture and explore designs.",3,CS 160,https://catalog.sdsu.edu/preview_program.php?catoid=12&poid=11969&returnto=1120#
CS 370,Computer Architecture,"Logic gates, combinational circuits, sequential circuits, memory and bus system, control unit, CPU, exception processing, traps and interrupts, input-output and communication, reduced instruction set computers, use of simulators for analysis and design of computer circuits, and traps/interrupts.",3,CS 240,https://catalog.sdsu.edu/preview_program.php?catoid=12&poid=11969&returnto=1120#
CS 420,Advanced Programming Languages,"Concurrent programming, logic programming, object-oriented programming. Implementation issues.",3,CS 210,https://catalog.sdsu.edu/preview_program.php?catoid=12&poid=11969&returnto=1120#
CS 450,Introduction to Artificial Intelligence,"First-order logic. Heuristic and uninformed search. Deep neural networks, hierarchical clustering, k-means, linear regression, support vector machines. Image classification and object tracking. Language models, parsing, speech generation.",3,CS 210,https://catalog.sdsu.edu/preview_program.php?catoid=12&poid=11969&returnto=1120#
CS 460,Algorithms,"Algorithms for solving frequently occurring problems. Analysis techniques, divide and conquer algorithms with applications, graph problems, greedy algorithms. Introduction to NP complete problems.",3,"MATH 245, CS 210",https://catalog.sdsu.edu/preview_program.php?catoid=12&poid=11969&returnto=1120#
CS 470,UNIX System Administration,"Installing the UNIX operating system on a UNIX workstation, adding user accounts, backing up and restoring user files, installing windows, adding network capabilities, adding printers and other peripherals.",3,CS 370,https://catalog.sdsu.edu/preview_program.php?catoid=12&poid=11969&returnto=1120#
CS 480,Operating Systems,"File system, I/O management, interprocess communication, memory management, processes and threads, program structures, thread synchronization, virtual memory.",3,"CS 210, CS 370",https://catalog.sdsu.edu/preview_program.php?catoid=12&poid=11969&returnto=1120#
CS 496,Experimental Topics,Selected topics.,1,,https://catalog.sdsu.edu/preview_program.php?catoid=12&poid=11969&returnto=1120#
CS 497,Undergraduate Research Seminar,"Designing and carrying out independent research in one of the areas of computer science. Literature search, technical report writing, and oral presentation of results.",3,CS 460 or CS 480,https://catalog.sdsu.edu/preview_program.php?catoid=12&poid=11969&returnto=1120#
CS 498,Undergraduate Honors Thesis,Directed research in computer science and completion of honors thesis. Thesis to be presented at the annual SDSU Research Symposium and/or defended before a committee of faculty.,3,CS 497,https://catalog.sdsu.edu/preview_program.php?catoid=12&poid=11969&returnto=1120#
CS 499,Special Study,Individual study.,1,,https://catalog.sdsu.edu/preview_program.php?catoid=12&poid=11969&returnto=1120#
CS 503,Scientific Database Techniques,"Fundamental data models for handling scientific data, including flat file, indexed compressed files, relational databases, and object oriented databases, and their associated query technologies; e.g. file formats, input/output libraries, string searching, structured query language, object-oriented structured query language, hypertext markup language/common gateway interface, and other specialized interfaces. Designed for computational science students.",3,"CS 210, MATH 245",https://catalog.sdsu.edu/preview_program.php?catoid=12&poid=11969&returnto=1120#
CS 514,Database Theory and Implementation,"Database systems architecture. Storage structures and access techniques. Relational model, relational algebra and calculus, normalization of relations, hierarchical and network models. Current database systems.",3,"CS 210, MATH 245",https://catalog.sdsu.edu/preview_program.php?catoid=12&poid=11969&returnto=1120#
CS 530,Systems Programming,"Design and implementation of system software. Relationship between software design and machine architecture. Assemblers, compilers, debuggers, editors, linkers and loaders, macro processors. Object oriented concepts and programming fundamentals.",3,"CS 210, CS 240",https://catalog.sdsu.edu/preview_program.php?catoid=12&poid=11969&returnto=1120#
CS 532,Software Engineering,"Theory and methodology of programming complex computer software. Analysis, design, and implementation of programs. Team projects required.",3,CS 250,https://catalog.sdsu.edu/preview_program.php?catoid=12&poid=11969&returnto=1120#
CS 545,Introduction to Web Application Development,"World Wide Web application development. Client-side and server-side scripting, CSS, Javascript, PHP and CGI programming with Perl, XHTML. Application integration with SQL database systems.",3,CS 210,https://catalog.sdsu.edu/preview_program.php?catoid=12&poid=11969&returnto=1120#
CS 549,Machine Learning,"Algorithms and computer methods for machine learning. Supervised methods: convolutional neural networks, feedforward neural networks, linear regression, logistic regression, support vector machine; unsupervised methods: dimensionality reduction, k-means clustering, subspace learning. Applications in classification, regression and visualization.",3,"CS 210, MATH 254",https://catalog.sdsu.edu/preview_program.php?catoid=12&poid=11969&returnto=1120#
CS 553,Neural Networks,"Computer algorithms and methods for neural networks. Convolutional networks, feedforward networks, generative adversarial networks, graphical neural networks, recurrent neural networks; backward propagation, computational graph, regularization, stochastic gradient descent; autoencoder networks and deep structure models.",3,"CS 210, MATH 254",https://catalog.sdsu.edu/preview_program.php?catoid=12&poid=11969&returnto=1120#
CS 556,Robotics,Robotic systems and their components. Spatial descriptions and transformations. Kinematics and inverse kinematics of robots. Robotic programming and simulation environments to include Matlab Robotics Toolbox. Mobile robots. Trajectory tracking and control. Path planning.,3,"CS 450, MATH 254",https://catalog.sdsu.edu/preview_program.php?catoid=12&poid=11969&returnto=1120#
CS 558,Computer Simulation,"Methodology of simulation for discrete and continuous dynamic systems. State-of-the-art programming techniques and languages. Statistical aspects of simulation. Students will design, program, execute, and document a simulation of their choice.",3,"CS 210, STAT 550",https://catalog.sdsu.edu/preview_program.php?catoid=12&poid=11969&returnto=1120#
CS 559,Computer Vision,"Algorithms and computer methods for processing of images, edge detection and filtering in spatial domain, FFT and filtering, frequency domain analysis of images, image compression, low level image processing, neighborhood operations, segmentation.",3,"CS 210, MATH 254",https://catalog.sdsu.edu/preview_program.php?catoid=12&poid=11969&returnto=1120#
CS 561,Deep Learning for Natural Language Processing,"Approaches on deep neural networks. Common tasks, modern programming frameworks, and state-of-the-art models.",3,CS 450 ,https://catalog.sdsu.edu/preview_program.php?catoid=12&poid=11969&returnto=1120#
CS 562,Automata Theory,Definition of finite automata. Classification of finite automaton definable languages. Minimization of finite automata. Nondeterministic finite automata. Sequential machines with output. Regular sets and expressions. Introduction to grammars.,3,MATH 245,https://catalog.sdsu.edu/preview_program.php?catoid=12&poid=11969&returnto=1120#
CS 572,Microprocessor Architecture,"Architecture of state-of-the-art microprocessor. Internal pipeline, internal cache, external cache, and memory management. Programming a uniprocessor. Communication among computers in a distributed environment. Architecture and programming of a multiprocessor system.",3,CS 370,https://catalog.sdsu.edu/preview_program.php?catoid=12&poid=11969&returnto=1120#
CS 574,Computer Security,"Principles of computer security and application of principles to operating systems, database systems, and computer networks. Topics include encryption techniques, access controls, and information flow controls.",3,"CS 480, MATH 245",https://catalog.sdsu.edu/preview_program.php?catoid=12&poid=11969&returnto=1120#
CS 576,Computer Networks and Distributed Systems,"Basic networking concepts to include seven-layer reference model, transmission media, addressing, subnetting and supernetting, networking devices, LANs and WANs, internetworking, distributed processing, and client-server model. Basic concepts and protocols of TCP/IP protocol suite and basic Internet services.",3,CS 480,https://catalog.sdsu.edu/preview_program.php?catoid=12&poid=11969&returnto=1120#
CS 577,Principles and Techniques of Data Science,"Data classification, cleaning, common representation and operations, dimensionality reduction, hypothesis testing, life cycle, regression, statistical inference, and visualization.",3,"STAT 250, CS 210, MATH 254",https://catalog.sdsu.edu/preview_program.php?catoid=12&poid=11969&returnto=1120#
CS 578,Wireless Networks,"Current and future protocols, fundamental theories, low power Internet of things and wireless sensor networks.",3,CS 210,https://catalog.sdsu.edu/preview_program.php?catoid=12&poid=11969&returnto=1120#
CS 581,Computational Linguistics,"Basic concepts in computational linguistics including finite-state transducers, n-gram language models, vector space semantics, statistical classifiers, neural nets, and transformers. Applications to parsing, natural language understanding, and large language models. ",3,CS 160,https://catalog.sdsu.edu/preview_program.php?catoid=12&poid=11969&returnto=1120#
CS 582,Introduction to Speech Processing,"Fundamentals of speech processing and speech recognition. Physical aspects of speech production and perception. Mathematical models for speech recognition. Corpus development: data collection, processing, and evaluation. Applications of speech processing and associated research topics.",3,CS 210,https://catalog.sdsu.edu/preview_program.php?catoid=12&poid=11969&returnto=1120#
CS 583,3D Game Programming,"Development of programming skills using software environment of a game engine and its scripting language. 3D concepts for game play, modeling, and programming. Roles needed in software development team. Contrast creation of original 3D object models for game world with incorporation of pre-created generic models.",3,CS 210,https://catalog.sdsu.edu/preview_program.php?catoid=12&poid=11969&returnto=1120#
CS 596,Advanced Topics in Computer Science,Selected topics in computer science.,1,,https://catalog.sdsu.edu/preview_program.php?catoid=12&poid=11969&returnto=1120#
MATH 150,Calculus I,Algebraic and transcendental functions. Continuity and limits. The derivative and its applications. The integral and the fundamental theorem of calculus.,4,,https://catalog.sdsu.edu/preview_program.php?catoid=12&poid=11969&returnto=1120#
MATH 151,Calculus II,"Techniques and applications of integration. Improper integrals. Differential equations. Infinite series. Conic sections. Curves in parametric form, polar coordinates.",4,MATH 150,https://catalog.sdsu.edu/preview_program.php?catoid=12&poid=11969&returnto=1120#
MATH 245,Discrete Mathematics,"Logic, methods of proof, set theory, number theory, equivalence and order relations, counting (combinations and permutations), solving recurrence relations.",3,"MATH 150, MATH 151",https://catalog.sdsu.edu/preview_program.php?catoid=12&poid=11969&returnto=1120#
MATH 254,Introduction to Linear Algebra,"Matrix algebra, Gaussian elimination, determinants, vector spaces, linear transformations, orthogonality, eigenvalues, and eigenvectors.",3,MATH 151,https://catalog.sdsu.edu/preview_program.php?catoid=12&poid=11969&returnto=1120#
PHYS 195,Principles of Physics,Fundamental principles of physics in areas of mechanics and oscillatory motion. Designed for students requiring calculus-based physics.,3,MATH 150,https://catalog.sdsu.edu/preview_program.php?catoid=12&poid=11969&returnto=1120#
PHYS 195L,Principles of Physics Laboratory,"Experiments in mechanics, wave motion, resonance phenomena using precision air tracks.",1,PHYS 195,https://catalog.sdsu.edu/preview_program.php?catoid=12&poid=11969&returnto=1120#
PHYS 196,Principles of Physics,Fundamental principles of physics in areas of electricity and magnetism. Designed for students requiring calculus-based physics.,3,"PHYS 195, MATH 151",https://catalog.sdsu.edu/preview_program.php?catoid=12&poid=11969&returnto=1120#
PHYS 196L,Principles of Physics Laboratory,"Experiments in DC circuits, AC circuits, electrical resonance, oscilloscope measurement techniques, and electric and magnetic fields. ",1,PHYS 196,https://catalog.sdsu.edu/preview_program.php?catoid=12&poid=11969&returnto=1120#